Fitrul,Islam,Male,1990-12-01,fitrulislam@example.com
Yohanes,Sahrul,Female,1990-12-02,yohanessahrul@example.com
Eki,Fakhrureza,Male,1990-12-03,ekifakhrureza@example.com
Agung,Prabowo,Male,1990-12-04,agungprabowo@example.com
Wika,Silo,Male,1990-12-05,wikasilo@example.com
Sebastian,Marco Sumali,Female,1990-12-06,sebastian@example.com
